truncate table sys_tenant cascade;
truncate table sys_application cascade;
truncate table sys_client cascade;
truncate table sys_redirect cascade;
truncate table sys_user cascade;
truncate table sys_mfa cascade;
truncate table sys_client_type cascade;
truncate table sys_confidential_client cascade;

insert into sys_client_type (id,client_type,description) values ('00000000-0000-0000-0000-000000000001'::uuid,'webapp','description_web_application');
insert into sys_client_type (id,client_type,description) values ('00000000-0000-0000-0000-000000000002'::uuid,'webapp_pkce','description_spa_application');
insert into sys_client_type (id,client_type,description) values ('00000000-0000-0000-0000-000000000003'::uuid,'spa','description_spa_application');
insert into sys_client_type (id,client_type,description) values ('00000000-0000-0000-0000-000000000004'::uuid,'confidential','description_spa_application');
insert into sys_client_type (id,client_type,description) values ('00000000-0000-0000-0000-000000000005'::uuid,'confidential','description_spa_application');

insert into sys_tenant (id,name,domain,organization) values ('00000000-0000-0000-0000-000000000001'::uuid,'default','blendsdk.net','TrueSoftware');

insert into sys_mfa (id,name,settings) values ('00000000-0000-0000-0000-000000000001'::uuid,'email_authenticator','{}');
insert into sys_mfa (id,name,settings) values ('00000000-0000-0000-0000-000000000002'::uuid,'google_authenticator','{}');

insert into sys_application (id,name,logo) values ('00000000-0000-0000-0000-000000000001'::uuid,'MeldkamerInstituut Campus','data:image/svg+xml;base64,PHN2ZyB4bWxucz0iaHR0cDovL3d3dy53My5vcmcvMjAwMC9zdmciIHdpZHRoPSIzMTEuOTQ2IiBoZWlnaHQ9IjEwMi45MjciIHZpZXdCb3g9IjAgMCAzMTEuOTQ2IDEwMi45MjciPgogIDxnIGlkPSJHcm91cF8yMjU0IiBkYXRhLW5hbWU9Ikdyb3VwIDIyNTQiIHRyYW5zZm9ybT0idHJhbnNsYXRlKC0xODQuNTk1IC0xOTUuNDI0KSI+CiAgICA8cGF0aCBpZD0iUGF0aF8zMjA5IiBkYXRhLW5hbWU9IlBhdGggMzIwOSIgZD0iTTIzNi40ODMsMzE3Ljk3YTIuOTksMi45OSwwLDAsMS0yLjk5MS0yLjk5MVYyNTguMDUxYTIuOTkxLDIuOTkxLDAsMCwxLDUuOTgyLDB2NTYuOTI4QTIuOTksMi45OSwwLDAsMSwyMzYuNDgzLDMxNy45N1oiIHRyYW5zZm9ybT0idHJhbnNsYXRlKC0xNi4wODYgLTE5LjYxOSkiIGZpbGw9IiNiNzAwMWMiLz4KICAgIDxnIGlkPSJHcm91cF8xMzk0IiBkYXRhLW5hbWU9Ikdyb3VwIDEzOTQiIHRyYW5zZm9ybT0idHJhbnNsYXRlKDI4NS4xNDkgMjE3LjAwMykiPgogICAgICA8cGF0aCBpZD0iUGF0aF8zMjEwIiBkYXRhLW5hbWU9IlBhdGggMzIxMCIgZD0iTTM1Mi41NTQsMjUzLjA2MlYyMzguMjExbC00Ljg2OCw5LjY2MmgtMy4zNjJsLTQuOS05LjY2MnYxNC44NTFoLTQuOTc0VjIyNy41ODNoNC45bDYuNjU3LDEzLjc3Nyw2LjYyLTEzLjc3N2g0Ljl2MjUuNDc5WiIgdHJhbnNmb3JtPSJ0cmFuc2xhdGUoLTMzNC40NDYgLTIyNy41ODMpIiBmaWxsPSIjMDA5ZWQ0Ii8+CiAgICAgIDxwYXRoIGlkPSJQYXRoXzMyMTEiIGRhdGEtbmFtZT0iUGF0aCAzMjExIiBkPSJNMzc3LjY4OSwyNTMuMDYyVjIyNy41ODNoMTYuNzg0djQuNDM3SDM4Mi42NjRWMjM4aDEwLjA1NXY0LjQzN0gzODIuNjY0djYuMTkxaDExLjgwOXY0LjQzOFoiIHRyYW5zZm9ybT0idHJhbnNsYXRlKC0zNDguNjcyIC0yMjcuNTgzKSIgZmlsbD0iIzAwOWVkNCIvPgogICAgICA8cGF0aCBpZD0iUGF0aF8zMjEyIiBkYXRhLW5hbWU9IlBhdGggMzIxMiIgZD0iTTQwOS45NDksMjUzLjA2MlYyMjcuNTgzaDQuOTc1djIxLjA0MmgxMS41NTh2NC40MzhaIiB0cmFuc2Zvcm09InRyYW5zbGF0ZSgtMzU5LjI4NSAtMjI3LjU4MykiIGZpbGw9IiMwMDllZDQiLz4KICAgICAgPHBhdGggaWQ9IlBhdGhfMzIxMyIgZGF0YS1uYW1lPSJQYXRoIDMyMTMiIGQ9Ik00NTYuNTM0LDI1MC42MjlhOS4yOCw5LjI4LDAsMCwxLTYuNzI4LDIuNDMzaC05LjJWMjI3LjU4M2g5LjJhOS4yOCw5LjI4LDAsMCwxLDYuNzI4LDIuNDM0YzIuODYzLDIuODYzLDIuNTc3LDYuMzcsMi41NzcsMTAuMlM0NTkuNCwyNDcuNzY3LDQ1Ni41MzQsMjUwLjYyOVpNNDUzLjA2MywyMzMuNmE0LjQ0Miw0LjQ0MiwwLDAsMC0zLjcyMS0xLjU3NWgtMy43NTh2MTYuNmgzLjc1OGE0LjQ0LDQuNDQsMCwwLDAsMy43MjEtMS41NzRjLjkzLTEuMTQ1LDEuMDc0LTIuOTcxLDEuMDc0LTYuODM1UzQ1My45OTMsMjM0Ljc0MSw0NTMuMDYzLDIzMy42WiIgdHJhbnNmb3JtPSJ0cmFuc2xhdGUoLTM2OS4zNzEgLTIyNy41ODMpIiBmaWxsPSIjMDA5ZWQ0Ii8+CiAgICAgIDxwYXRoIGlkPSJQYXRoXzMyMTQiIGRhdGEtbmFtZT0iUGF0aCAzMjE0IiBkPSJNNDkwLjU2NSwyNTMuMDYybC02LjU0OS0xMS41OTUtMy4yOTIsMy45Mzd2Ny42NThoLTQuOTc0VjIyNy41ODNoNC45NzR2MTEuMDk0bDguOTgyLTExLjA5NGg2LjA0OGwtOC40NDUsMTAuMTI4LDkuMDUzLDE1LjM1MloiIHRyYW5zZm9ybT0idHJhbnNsYXRlKC0zODAuOTMxIC0yMjcuNTgzKSIgZmlsbD0iIzAwOWVkNCIvPgogICAgICA8cGF0aCBpZD0iUGF0aF8zMjE1IiBkYXRhLW5hbWU9IlBhdGggMzIxNSIgZD0iTTUyNC4zMzIsMjUzLjA2MmwtMS41LTQuNTA5aC05LjA1M2wtMS41MzksNC41MDloLTUuMTg5bDkuMjY4LTI1LjQ3OWgzLjlsOS4zLDI1LjQ3OVptLTUuOTQtMTcuOTY0LTMuMjIxLDkuMjY4aDYuMzM0WiIgdHJhbnNmb3JtPSJ0cmFuc2xhdGUoLTM5MS4yMjggLTIyNy41ODMpIiBmaWxsPSIjMDA5ZWQ0Ii8+CiAgICAgIDxwYXRoIGlkPSJQYXRoXzMyMTYiIGRhdGEtbmFtZT0iUGF0aCAzMjE2IiBkPSJNNTYzLjMzNSwyNTMuMDYyVjIzOC4yMTFsLTQuODY3LDkuNjYySDU1NS4xbC00LjktOS42NjJ2MTQuODUxaC00Ljk3NFYyMjcuNTgzaDQuOWw2LjY1NiwxMy43NzcsNi42Mi0xMy43NzdoNC45djI1LjQ3OVoiIHRyYW5zZm9ybT0idHJhbnNsYXRlKC00MDMuNzg4IC0yMjcuNTgzKSIgZmlsbD0iIzAwOWVkNCIvPgogICAgICA8cGF0aCBpZD0iUGF0aF8zMjE3IiBkYXRhLW5hbWU9IlBhdGggMzIxNyIgZD0iTTU4OC40NzEsMjUzLjA2MlYyMjcuNTgzaDE2Ljc4M3Y0LjQzN0g1OTMuNDQ1VjIzOEg2MDMuNXY0LjQzN0g1OTMuNDQ1djYuMTkxaDExLjgwOXY0LjQzOFoiIHRyYW5zZm9ybT0idHJhbnNsYXRlKC00MTguMDE0IC0yMjcuNTgzKSIgZmlsbD0iIzAwOWVkNCIvPgogICAgICA8cGF0aCBpZD0iUGF0aF8zMjE4IiBkYXRhLW5hbWU9IlBhdGggMzIxOCIgZD0iTTYzNC4yNTgsMjUzLjA2Miw2MjkuMjgzLDI0Mi45SDYyNS43djEwLjE2M2gtNC45NzRWMjI3LjU4M2g5Ljk4NGM1LjE4OCwwLDguMjY2LDMuNTQzLDguMjY2LDcuOGE2Ljg2MSw2Ljg2MSwwLDAsMS00LjY1Miw2LjY5Mmw1LjY5LDEwLjk4NlptLTMuODY0LTIxLjA0Mkg2MjUuN3Y2LjcyOGg0LjY4OGEzLjM3MywzLjM3MywwLDEsMCwwLTYuNzI4WiIgdHJhbnNmb3JtPSJ0cmFuc2xhdGUoLTQyOC42MjcgLTIyNy41ODMpIiBmaWxsPSIjMDA5ZWQ0Ii8+CiAgICAgIDxwYXRoIGlkPSJQYXRoXzMyMTkiIGRhdGEtbmFtZT0iUGF0aCAzMjE5IiBkPSJNMzM0LjQ0NiwzMDYuMzg1VjI4MC45MDZoNC45NzR2MjUuNDc5WiIgdHJhbnNmb3JtPSJ0cmFuc2xhdGUoLTMzNC40NDYgLTI0NS4xMjUpIiBmaWxsPSIjMzMzMzM1Ii8+CiAgICAgIDxwYXRoIGlkPSJQYXRoXzMyMjAiIGRhdGEtbmFtZT0iUGF0aCAzMjIwIiBkPSJNMzY1Ljc3NCwzMDYuMzg1bC0xMC4wOTEtMTUuNjM5djE1LjYzOWgtNC45NzRWMjgwLjkwNmg0LjQzN2wxMC4wOTIsMTUuNnYtMTUuNmg0Ljk3NHYyNS40NzlaIiB0cmFuc2Zvcm09InRyYW5zbGF0ZSgtMzM5Ljc5NiAtMjQ1LjEyNSkiIGZpbGw9IiMzMzMzMzUiLz4KICAgICAgPHBhdGggaWQ9IlBhdGhfMzIyMSIgZGF0YS1uYW1lPSJQYXRoIDMyMjEiIGQ9Ik0zOTQuNTEyLDMwNi40OTRjLTMuODY1LDAtNi44LS44MjMtOS4zLTMuMzYzbDMuMjItMy4yMjFhOC4zNDEsOC4zNDEsMCwwLDAsNi4xNTUsMi4xNDdjMi45MzQsMCw0LjUxLTEuMTA5LDQuNTEtMy4xNDlhMi44MzgsMi44MzgsMCwwLDAtLjc4OC0yLjE0NywzLjgsMy44LDAsMCwwLTIuMjU0LS45bC0zLjA3Ny0uNDI5YTguNjM3LDguNjM3LDAsMCwxLTQuOTM5LTIuMTEyLDYuNzMsNi43MywwLDAsMS0xLjgyNS01LjAxYzAtNC41NDUsMy4zNjQtNy43Myw4Ljg3NS03LjczLDMuNTA3LDAsNi4wNDcuODU5LDguMjMxLDIuOTdsLTMuMTQ5LDMuMTE0YTcuMDkyLDcuMDkyLDAsMCwwLTUuMjI1LTEuNzUzYy0yLjY0OSwwLTMuOTM3LDEuNDY3LTMuOTM3LDMuMjJhMi40NjMsMi40NjMsMCwwLDAsLjc1MSwxLjgyNSw0LjM4Niw0LjM4NiwwLDAsMCwyLjM2MywxbDMuMDA1LjQyOWE4LjQyMSw4LjQyMSwwLDAsMSw0Ljg2NywxLjk2OSw3LjEzMyw3LjEzMywwLDAsMSwxLjk2OCw1LjRDNDAzLjk1OSwzMDMuNywzOTkuODQ0LDMwNi40OTQsMzk0LjUxMiwzMDYuNDk0WiIgdHJhbnNmb3JtPSJ0cmFuc2xhdGUoLTM1MS4xNDYgLTI0NS4wMikiIGZpbGw9IiMzMzMzMzUiLz4KICAgICAgPHBhdGggaWQ9IlBhdGhfMzIyMiIgZGF0YS1uYW1lPSJQYXRoIDMyMjIiIGQ9Ik00MjguOTM3LDI4NS4zNDR2MjEuMDQyaC00Ljk3NFYyODUuMzQ0aC02LjY1NnYtNC40MzdoMTguMjg2djQuNDM4WiIgdHJhbnNmb3JtPSJ0cmFuc2xhdGUoLTM2MS43MDUgLTI0NS4xMjUpIiBmaWxsPSIjMzMzMzM1Ii8+CiAgICAgIDxwYXRoIGlkPSJQYXRoXzMyMjMiIGRhdGEtbmFtZT0iUGF0aCAzMjIzIiBkPSJNNDUwLjU4LDMwNi4zODVWMjgwLjkwNmg0Ljk3NXYyNS40NzlaIiB0cmFuc2Zvcm09InRyYW5zbGF0ZSgtMzcyLjY1MSAtMjQ1LjEyNSkiIGZpbGw9IiMzMzMzMzUiLz4KICAgICAgPHBhdGggaWQ9IlBhdGhfMzIyNCIgZGF0YS1uYW1lPSJQYXRoIDMyMjQiIGQ9Ik00NzUuNjQ3LDI4NS4zNDR2MjEuMDQyaC00Ljk3NVYyODUuMzQ0aC02LjY1NXYtNC40MzdINDgyLjN2NC40MzhaIiB0cmFuc2Zvcm09InRyYW5zbGF0ZSgtMzc3LjA3MiAtMjQ1LjEyNSkiIGZpbGw9IiMzMzMzMzUiLz4KICAgICAgPHBhdGggaWQ9IlBhdGhfMzIyNSIgZGF0YS1uYW1lPSJQYXRoIDMyMjUiIGQ9Ik01MDYuMDc5LDMwNi42Yy01LjIyNSwwLTkuMzc2LTMuNTQyLTkuMzc2LTguOTQ2VjI4MC45MDZoNC45NzR2MTYuNTY5YzAsMi45MzQsMS43MTcsNC42ODgsNC40LDQuNjg4czQuNDM4LTEuNzUzLDQuNDM4LTQuNjg4VjI4MC45MDZoNC45Mzh2MTYuNzQ3QzUxNS40NTUsMzAzLjA1Nyw1MTEuMywzMDYuNiw1MDYuMDc5LDMwNi42WiIgdHJhbnNmb3JtPSJ0cmFuc2xhdGUoLTM4Ny44MjUgLTI0NS4xMjUpIiBmaWxsPSIjMzMzMzM1Ii8+CiAgICAgIDxwYXRoIGlkPSJQYXRoXzMyMjYiIGRhdGEtbmFtZT0iUGF0aCAzMjI2IiBkPSJNNTQxLjcsMzA2LjZjLTUuMjI1LDAtOS4zNzYtMy41NDItOS4zNzYtOC45NDZWMjgwLjkwNkg1MzcuM3YxNi41NjljMCwyLjkzNCwxLjcxOCw0LjY4OCw0LjQsNC42ODhzNC40MzctMS43NTMsNC40MzctNC42ODhWMjgwLjkwNmg0LjkzOHYxNi43NDdDNTUxLjA3NCwzMDMuMDU3LDU0Ni45MjQsMzA2LjYsNTQxLjcsMzA2LjZaIiB0cmFuc2Zvcm09InRyYW5zbGF0ZSgtMzk5LjU0MyAtMjQ1LjEyNSkiIGZpbGw9IiMzMzMzMzUiLz4KICAgICAgPHBhdGggaWQ9IlBhdGhfMzIyNyIgZGF0YS1uYW1lPSJQYXRoIDMyMjciIGQ9Ik01NzcuMzMyLDI4NS4zNDR2MjEuMDQyaC00Ljk3NFYyODUuMzQ0SDU2NS43di00LjQzN2gxOC4yODd2NC40MzhaIiB0cmFuc2Zvcm09InRyYW5zbGF0ZSgtNDEwLjUyNCAtMjQ1LjEyNSkiIGZpbGw9IiMzMzMzMzUiLz4KICAgIDwvZz4KICAgIDxwYXRoIGlkPSJQYXRoXzMyMjgiIGRhdGEtbmFtZT0iUGF0aCAzMjI4IiBkPSJNMjg2LjI5NCwyOTcuMDQzYTIuOTksMi45OSwwLDAsMS0yLjk5MS0yLjk5MVYyNTUuNDhhMi45OTEsMi45OTEsMCwxLDEsNS45ODIsMHYzOC41NzJBMi45OSwyLjk5LDAsMCwxLDI4Ni4yOTQsMjk3LjA0M1oiIHRyYW5zZm9ybT0idHJhbnNsYXRlKC0zMi40NzMgLTE4Ljc3MykiIGZpbGw9IiMwMDllZDQiLz4KICAgIDxwYXRoIGlkPSJQYXRoXzMyMjkiIGRhdGEtbmFtZT0iUGF0aCAzMjI5IiBkPSJNMTg3LjY2LDI5Ny4wNDNhMi45OSwyLjk5LDAsMCwxLTIuOTkxLTIuOTkxVjI1NS40OGEyLjk5MSwyLjk5MSwwLDEsMSw1Ljk4MSwwdjM4LjU3MkEyLjk5LDIuOTksMCwwLDEsMTg3LjY2LDI5Ny4wNDNaIiB0cmFuc2Zvcm09InRyYW5zbGF0ZSgtMC4wMjQgLTE4Ljc3MykiIGZpbGw9IiMwMDllZDQiLz4KICAgIDxwYXRoIGlkPSJQYXRoXzMyMzAiIGRhdGEtbmFtZT0iUGF0aCAzMjMwIiBkPSJNMjM2LjQ4MywyMjIuMjMxYTIuOTksMi45OSwwLDAsMS0yLjk5MS0yLjk5MVYxOTguNDE1YTIuOTkxLDIuOTkxLDAsMSwxLDUuOTgyLDB2MjAuODI2QTIuOTksMi45OSwwLDAsMSwyMzYuNDgzLDIyMi4yMzFaIiB0cmFuc2Zvcm09InRyYW5zbGF0ZSgtMTYuMDg2IDApIiBmaWxsPSIjYjcwMDFjIi8+CiAgICA8cGF0aCBpZD0iUGF0aF8zMjMxIiBkYXRhLW5hbWU9IlBhdGggMzIzMSIgZD0iTTIwNS42MTgsMjQzLjg1OGEyLjk3OSwyLjk3OSwwLDAsMS0xLjQ5Mi0uNGwtMTguMDM1LTEwLjQxM2EyLjk5MSwyLjk5MSwwLDAsMSwyLjk5MS01LjE4bDE4LjAzNSwxMC40MTNhMi45OTEsMi45OTEsMCwwLDEtMS41LDUuNTgxWiIgdHJhbnNmb3JtPSJ0cmFuc2xhdGUoMCAtMTAuNTQpIiBmaWxsPSIjMzMzMzM1Ii8+CiAgICA8cGF0aCBpZD0iUGF0aF8zMjMyIiBkYXRhLW5hbWU9IlBhdGggMzIzMiIgZD0iTTI1OS4yNDYsMjQzLjY3MWEyLjk5MSwyLjk5MSwwLDAsMS0xLjUtNS41ODFsMTguMDM2LTEwLjQxM2EyLjk5MSwyLjk5MSwwLDAsMSwyLjk5MSw1LjE4TDI2MC43MzgsMjQzLjI3QTIuOTc2LDIuOTc2LDAsMCwxLDI1OS4yNDYsMjQzLjY3MVoiIHRyYW5zZm9ybT0idHJhbnNsYXRlKC0yMy41NzMgLTEwLjQ3OCkiIGZpbGw9IiMzMzMzMzUiLz4KICA8L2c+Cjwvc3ZnPgo=');

insert into sys_client (client_id, client_type_id,session_length,id,application_id,description,secret) values ('webapp-client','00000000-0000-0000-0000-000000000001'::uuid,60,'00000000-0000-0000-0000-000000000001'::uuid,'00000000-0000-0000-0000-000000000001'::uuid,'webapp test client','secret');
insert into sys_client (client_id, client_type_id,session_length,id,application_id,description,secret) values ('webapp-with-pkce-client','00000000-0000-0000-0000-000000000002'::uuid,60,'00000000-0000-0000-0000-000000000002'::uuid,'00000000-0000-0000-0000-000000000001'::uuid,'webapp with pkce','pkce');
insert into sys_client (client_id, client_type_id,session_length,id,application_id,description,secret) values ('spa-client','00000000-0000-0000-0000-000000000003'::uuid,60,'00000000-0000-0000-0000-000000000003'::uuid,'00000000-0000-0000-0000-000000000001'::uuid,'spa test client','spa');
insert into sys_client (client_id, client_type_id,session_length,id,application_id,description,secret) values ('confidential-client','00000000-0000-0000-0000-000000000004'::uuid,60,'00000000-0000-0000-0000-000000000004'::uuid,'00000000-0000-0000-0000-000000000001'::uuid,'service account','service');
insert into sys_client (client_id, client_type_id,session_length,id,application_id,description,secret) values ('webapp-client-2','00000000-0000-0000-0000-000000000001'::uuid,60,'00000000-0000-0000-0000-000000000005'::uuid,'00000000-0000-0000-0000-000000000001'::uuid,'webapp test client','secret2');

insert into sys_user (id,username,password) values ('00000000-0000-0000-0000-000000000004','service1@blendsdk.net','some secret password');

insert into sys_confidential_client(user_id,client_id) values ('00000000-0000-0000-0000-000000000004','00000000-0000-0000-0000-000000000004');

insert into sys_redirect (client_id,redirect_uri) values ('00000000-0000-0000-0000-000000000001'::uuid,'http://localhost:4020/callback');
insert into sys_redirect (client_id,redirect_uri) values ('00000000-0000-0000-0000-000000000001'::uuid,'http://localhost:4000/callback');
insert into sys_redirect (client_id,redirect_uri) values ('00000000-0000-0000-0000-000000000001'::uuid,'signin.truesoftware.net/callback');
insert into sys_redirect (client_id,redirect_uri) values ('00000000-0000-0000-0000-000000000001'::uuid,'https://localhost:8080');
insert into sys_redirect (client_id,redirect_uri) values ('00000000-0000-0000-0000-000000000001'::uuid,'https://www.certification.openid.net/test/a/porta_discovery/callback');
insert into sys_redirect (client_id,redirect_uri) values ('00000000-0000-0000-0000-000000000001'::uuid,'https://localhost.emobix.co.uk:8443/test/a/local/callback');
insert into sys_redirect (client_id,redirect_uri) values ('00000000-0000-0000-0000-000000000001'::uuid,'https://localhost:8443/test/a/local/callback');
insert into sys_redirect (client_id,redirect_uri) values ('00000000-0000-0000-0000-000000000001'::uuid,'http://localhost:3000/oauth2/redirect');

insert into sys_redirect (client_id,redirect_uri) values ('00000000-0000-0000-0000-000000000004'::uuid,'https://localhost:8443/test/a/local/callback');
insert into sys_redirect (client_id,redirect_uri) values ('00000000-0000-0000-0000-000000000005'::uuid,'https://localhost:8443/test/a/local/callback');

insert into sys_redirect (client_id,redirect_uri) values ('00000000-0000-0000-0000-000000000004'::uuid,'https://www.certification.openid.net/test/a/porta_discovery/callback');
insert into sys_redirect (client_id,redirect_uri) values ('00000000-0000-0000-0000-000000000005'::uuid,'https://www.certification.openid.net/test/a/porta_discovery/callback');
